{
  "accuracy": 0.9842,
  "f1_macro": 0.9840593728868704,
  "precision_macro": 0.9841032806747674,
  "recall_macro": 0.9840269202722143,
  "confusion_matrix": [
    [
      969,
      1,
      0,
      0,
      1,
      2,
      4,
      1,
      2,
      0
    ],
    [
      0,
      1128,
      2,
      0,
      0,
      1,
      2,
      0,
      2,
      0
    ],
    [
      5,
      3,
      1014,
      0,
      2,
      0,
      1,
      6,
      1,
      0
    ],
    [
      0,
      0,
      3,
      996,
      0,
      4,
      0,
      3,
      3,
      1
    ],
    [
      1,
      0,
      2,
      0,
      966,
      0,
      5,
      1,
      0,
      7
    ],
    [
      2,
      0,
      0,
      7,
      0,
      875,
      3,
      1,
      3,
      1
    ],
    [
      3,
      3,
      1,
      0,
      2,
      5,
      943,
      0,
      1,
      0
    ],
    [
      0,
      2,
      3,
      2,
      0,
      1,
      0,
      1012,
      1,
      7
    ],
    [
      3,
      1,
      3,
      7,
      0,
      3,
      0,
      3,
      950,
      4
    ],
    [
      2,
      2,
      0,
      4,
      6,
      2,
      0,
      3,
      1,
      989
    ]
  ],
  "train_time_s": 15.551001599989831,
  "inference_time_s": 0.25814590000663884
}