{
  "accuracy": 0.9795,
  "f1_macro": 0.9792833764606484,
  "precision_macro": 0.9794540874827714,
  "recall_macro": 0.9792488264896099,
  "confusion_matrix": [
    [
      971,
      1,
      0,
      2,
      1,
      2,
      2,
      1,
      0,
      0
    ],
    [
      0,
      1129,
      1,
      1,
      0,
      1,
      1,
      0,
      2,
      0
    ],
    [
      3,
      2,
      1013,
      3,
      0,
      1,
      3,
      5,
      2,
      0
    ],
    [
      0,
      0,
      5,
      995,
      0,
      4,
      0,
      2,
      2,
      2
    ],
    [
      2,
      1,
      1,
      1,
      964,
      0,
      5,
      2,
      1,
      5
    ],
    [
      2,
      1,
      0,
      14,
      1,
      872,
      2,
      0,
      0,
      0
    ],
    [
      3,
      3,
      0,
      1,
      2,
      6,
      942,
      0,
      1,
      0
    ],
    [
      1,
      6,
      6,
      1,
      1,
      0,
      0,
      1008,
      2,
      3
    ],
    [
      1,
      3,
      4,
      13,
      3,
      13,
      0,
      2,
      929,
      6
    ],
    [
      2,
      2,
      0,
      7,
      12,
      5,
      1,
      7,
      1,
      972
    ]
  ],
  "train_time_s": 29.363011800000095,
  "inference_time_s": 0.4345461999910185
}